image,application_id,brand_name,class_type,alcohol_content,net_contents,bottler_name_address,country_of_origin,variant,expected_overall,expected_issue
label_0001.png,APP-0001,OLD BARREL VINEYARDS,Chardonnay,12.5% Alc./Vol.,750 mL,"Old Barrel Vineyards, St. Helena, CA 94574",,clean,PASS,
label_0002.png,APP-0002,CEDAR COMPASS CELLARS,Red Table Wine,13.5% Alc./Vol.,375 mL,"Cedar Compass Cellars, St. Helena, CA 94574",,clean,PASS,
label_0003.png,APP-0003,GRANITE BARREL BREWERY,Pilsner,7.2% Alc./Vol.,12 fl oz,"Granite Barrel Brewery, Bardstown, KY 40004",,warning_text_altered,REVIEW,warning
label_0004.png,APP-0004,Red Ridge Distillery,Irish Whiskey,46% Alc./Vol.,1 L,"Atlantic Wine & Spirits, Miami, FL 33130",Ireland,warning_not_caps,FAIL,warning
label_0005.png,APP-0005,GRANITE OAK VINEYARDS,Chardonnay,12.5% ABV,1.5 L,"Granite Oak Vineyards, Milwaukee, WI 53202",,clean,PASS,
label_0006.png,APP-0006,SILVER RIVER WINERY,Pinot Noir,13% ABV,375 mL,"Silver River Winery, Sonoma, CA 95476",,wrong_net_contents,FAIL,net_contents
label_0007.png,APP-0007,Maple Lantern Vineyards,Chardonnay,12.5% ABV,750 mL,"Maple Lantern Vineyards, Denver, CO 80202",,clean,PASS,
label_0008.png,APP-0008,Northern Bridge Vineyards,Rosé Wine,11.5,750 mL,"Northern Bridge Vineyards, Austin, TX 78701",,clean,PASS,
label_0009.png,APP-0009,STONE BRIDGE RUM CO.,Silver Rum,80 Proof,50 mL,,,clean,PASS,
label_0010.png,APP-0010,Granite Crow Distillers,Single Malt Scotch Whisky,40% Alc./Vol.,700 mL,,Scotland,clean,PASS,
label_0011.png,APP-0011,Silver Mill Brewery,Lager,9% ABV,16 fl oz,,,missing_warning,FAIL,warning
label_0012.png,APP-0012,HARBOR VALLEY DISTILLERY,Straight Rye Whiskey,80 Proof,750 mL,"Harbor Valley Distillery, Louisville, KY 40202",,clean,PASS,
label_0013.png,APP-0013,COPPER CROW RUM CO.,Silver Rum,40%,1.75 L,"Copper Crow Rum Co., Louisville, KY 40202",,clean,PASS,
label_0014.png,APP-0014,Crooked Falcon Distillers,London Dry Gin,45% Alc./Vol.,50 mL,"Crooked Falcon Distillers, Asheville, NC 28801",,clean,PASS,
label_0015.png,APP-0015,Blue Mill Distillery,Straight Rye Whiskey,90 Proof,1.75 L,"Blue Mill Distillery, Brooklyn, NY 11201",,clean,PASS,
label_0016.png,APP-0016,SILVER MOUNTAIN BREWERY,Pilsner,6.8% ABV,750 mL,"Silver Mountain Brewery, Portland, OR 97209",,warning_not_bold,REVIEW,warning
label_0017.png,APP-0017,Cedar Meadow Tequila,Tequila Blanco,43% Alc./Vol.,750 mL,"Highland Imports, Inc., New York, NY 10001",Mexico,clean,PASS,
label_0018.png,APP-0018,HARBOR OAK VINI,Prosecco,11% Alc./Vol.,750 mL,,Italy,clean,PASS,
label_0019.png,APP-0019,GRANITE KETTLE DISTILLERY,Kentucky Straight Bourbon Whiskey,45%,375 mL,"Granite Kettle Distillery, Sonoma, CA 95476",,clean,PASS,
label_0020.png,APP-0020,HIGH VALLEY BREWING CO.,India Pale Ale,4.2% ABV,12 fl oz,"High Valley Brewing Co., Denver, CO 80202",,clean,PASS,
label_0021.png,APP-0021,CEDAR ANCHOR VINEYARDS,Rosé Wine,11.5,1.5 L,"Cedar Anchor Vineyards, Sonoma, CA 95476",,clean,PASS,
label_0022.png,APP-0022,GRANITE RIVER DISTILLING CO.,Vodka,40%,1 L,"Granite River Distilling Co., Burlington, VT 05401",,clean,PASS,
label_0023.png,APP-0023,STONE OAK BREWERY,Pilsner,7.2% Alc./Vol.,22 FL. OZ.,"Stone Oak Brewery, Burlington, VT 05401",,clean,PASS,
label_0024.png,APP-0024,HIGH FALCON DISTILLING CO.,Vodka,40% Alc./Vol.,50 mL,,,clean,PASS,
label_0025.png,APP-0025,Old Oak Distillery,Irish Whiskey,46% Alc./Vol.,1 L,,Ireland,clean,PASS,
label_0026.png,APP-0026,NORTHERN FALCON DISTILLERY,Straight Rye Whiskey,40%,750 mL,"Northern Falcon Distillery, Austin, TX 78701",,clean,PASS,
label_0027.png,APP-0027,OLD RIDGE DISTILLERY,Straight Rye Whiskey,46% Alc./Vol.,750 mL,,,clean,PASS,
label_0028.png,APP-0028,MAPLE RIVER DISTILLERY,Kentucky Straight Bourbon Whiskey,47.5% Alc./Vol.,375 mL,"Maple River Distillery, Austin, TX 78701",,warning_not_caps,FAIL,warning
label_0029.png,APP-0029,GRANITE CROW DISTILLERS,Single Malt Scotch Whisky,43% Alc./Vol.,1 L,"Great Lakes Beverage Imports, Chicago, IL 60607",Scotland,clean,PASS,
label_0030.png,APP-0030,HOLLOW OAK BREWING,Hefeweizen,5.5% ABV,16 fl oz,"Hollow Oak Brewing, Sonoma, CA 95476",,wrong_net_contents,FAIL,net_contents
label_0031.png,APP-0031,SILVER ANCHOR DISTILLERY,American Single Malt Whiskey,95 Proof,750 mL,"Silver Anchor Distillery, Milwaukee, WI 53202",,clean,PASS,
label_0032.png,APP-0032,SILVER VALLEY VINEYARDS,Rosé Wine,13,375 mL,"Silver Valley Vineyards, Asheville, NC 28801",,warning_not_bold,REVIEW,warning
label_0033.png,APP-0033,COPPER MILL CELLARS,Cabernet Sauvignon,15% ABV,1.5 L,"Copper Mill Cellars, St. Helena, CA 94574",,clean,PASS,
label_0034.png,APP-0034,RED BARREL CELLARS,Red Table Wine,13% ABV,750 mL,"Red Barrel Cellars, Milwaukee, WI 53202",,clean,PASS,
label_0035.png,APP-0035,GOLDEN RIVER DISTILLERS,London Dry Gin,45%,1.75 L,"Golden River Distillers, Louisville, KY 40202",,clean,PASS,
label_0036.png,APP-0036,HIGH LANTERN VINI,Prosecco,13.5% Alc./Vol.,1 L,"Atlantic Wine & Spirits, Miami, FL 33130",Italy,clean,PASS,
label_0037.png,APP-0037,HOLLOW OAK DISTILLERY,Straight Rye Whiskey,46% Alc./Vol.,1.75 L,,,clean,PASS,
label_0038.png,APP-0038,HOLLOW CROW DISTILLERS,London Dry Gin,86 Proof,1 L,"Hollow Crow Distillers, St. Helena, CA 94574",,clean,PASS,
label_0039.png,APP-0039,SILVER KETTLE DISTILLERY,Straight Rye Whiskey,40%,750 mL,"Silver Kettle Distillery, Bardstown, KY 40004",,warning_text_altered,REVIEW,warning
label_0040.png,APP-0040,GRANITE RIDGE DISTILLING CO.,Vodka,40% Alc./Vol.,1 L,"Granite Ridge Distilling Co., Portland, OR 97209",,wrong_abv,FAIL,alcohol_content
label_0041.png,APP-0041,HIGH TIMBER RUM CO.,Silver Rum,100 Proof,375 mL,"High Timber Rum Co., Louisville, KY 40202",,clean,PASS,
label_0042.png,APP-0042,White Valley Vineyards,Chardonnay,14.5,1.5 L,"White Valley Vineyards, Burlington, VT 05401",,clean,PASS,
label_0043.png,APP-0043,RED CREEK DISTILLERS,London Dry Gin,40%,375 mL,"Red Creek Distillers, Austin, TX 78701",,clean,PASS,
label_0044.png,APP-0044,Black Barrel Brewing Co.,Oatmeal Stout,7.2% ABV,12 fl oz,"Black Barrel Brewing Co., Sonoma, CA 95476",,clean,PASS,
label_0045.png,APP-0045,RED LANTERN DISTILLERY,Straight Rye Whiskey,43%,1 L,"Red Lantern Distillery, Burlington, VT 05401",,clean,PASS,
label_0046.png,APP-0046,RED RIDGE DISTILLERY,Straight Rye Whiskey,43%,375 mL,,,clean,PASS,
label_0047.png,APP-0047,IRON RIVER VINEYARDS,Chardonnay,14% ABV,750 mL,"Iron River Vineyards, Austin, TX 78701",,clean,PASS,
label_0048.png,APP-0048,PRAIRIE RIDGE VINEYARDS,Rosé Wine,13.5% ABV,375 mL,"Prairie Ridge Vineyards, Bardstown, KY 40004",,clean,PASS,
label_0049.png,APP-0049,Maple Kettle Vineyards,Chardonnay,13.5% Alc./Vol.,750 mL,,,clean,PASS,
label_0050.png,APP-0050,Crooked Anchor Vini,Prosecco,11% Alc./Vol.,1 L,"Highland Imports, Inc., New York, NY 10001",Italy,clean,PASS,
label_0051.png,APP-0051,Wild Tom Cellars,Red Table Wine,15% Alc./Vol.,750 mL,,,wrong_abv,FAIL,alcohol_content
label_0052.png,APP-0052,BLUE COMPASS BREWING,Hefeweizen,5.2% ABV,16 FL. OZ.,"Blue Compass Brewing, Louisville, KY 40202",,clean,PASS,
label_0053.png,APP-0053,STONE BRIDGE BREWERY,Pilsner,6.8% ABV,750 mL,,,clean,PASS,
label_0054.png,APP-0054,OLD BARREL CELLARS,Cabernet Sauvignon,12.5,375 mL,"Old Barrel Cellars, Sonoma, CA 95476",,clean,PASS,
label_0055.png,APP-0055,Iron Oak Distillers,London Dry Gin,95 Proof,50 mL,"Iron Oak Distillers, Denver, CO 80202",,clean,PASS,
label_0056.png,APP-0056,HOLLOW BRIDGE DISTILLERY,American Single Malt Whiskey,100 Proof,1.75 L,"Hollow Bridge Distillery, Bardstown, KY 40004",,clean,PASS,
label_0057.png,APP-0057,High Valley Distillers,London Dry Gin,40%,375 mL,"High Valley Distillers, Burlington, VT 05401",,clean,PASS,
label_0058.png,APP-0058,IRON FOX WINERY,Pinot Noir,13.5% ABV,375 mL,"Iron Fox Winery, Brooklyn, NY 11201",,clean,PASS,
label_0059.png,APP-0059,STONE COMPASS VINI,Prosecco,12.5% Alc./Vol.,750 mL,"Pacific Crest Importers, Seattle, WA 98101",Italy,clean,PASS,
label_0060.png,APP-0060,CEDAR LANTERN DISTILLING CO.,Vodka,50%,750 mL,"Cedar Lantern Distilling Co., Brooklyn, NY 11201",,clean,PASS,
label_0061.png,APP-0061,GOLDEN MEADOW DISTILLERY,Straight Rye Whiskey,92 Proof,750 mL,,,clean,PASS,
label_0062.png,APP-0062,Stone Crow Distillery,American Single Malt Whiskey,45% Alc./Vol.,1 L,"Stone Crow Distillery, Sonoma, CA 95476",,clean,PASS,
label_0063.png,APP-0063,HIGH MOUNTAIN DISTILLERY,Kentucky Straight Bourbon Whiskey,45%,50 mL,"High Mountain Distillery, Burlington, VT 05401",,clean,PASS,
label_0064.png,APP-0064,WHITE COMPASS DISTILLERY,Straight Rye Whiskey,46%,50 mL,,,clean,PASS,
label_0065.png,APP-0065,STONE VALLEY DISTILLERY,American Single Malt Whiskey,80 Proof,50 mL,"Stone Valley Distillery, Austin, TX 78701",,clean,PASS,
label_0066.png,APP-0066,Blue Lantern Brewing Co.,India Pale Ale,5.2% Alc./Vol.,22 fl oz,"Blue Lantern Brewing Co., Brooklyn, NY 11201",,warning_not_caps,FAIL,warning
label_0067.png,APP-0067,COPPER TIMBER BREWERY,Pilsner,5.5% Alc./Vol.,12 fl oz,"Copper Timber Brewery, Burlington, VT 05401",,clean,PASS,
label_0068.png,APP-0068,WHITE FOX DISTILLING CO.,Vodka,86 Proof,750 mL,"White Fox Distilling Co., Louisville, KY 40202",,clean,PASS,
label_0069.png,APP-0069,High Crow Maison,Cognac,40% Alc./Vol.,750 mL,"Atlantic Wine & Spirits, Miami, FL 33130",France,clean,PASS,
label_0070.png,APP-0070,Iron Valley Distillery,American Single Malt Whiskey,95 Proof,375 mL,"Iron Valley Distillery, Denver, CO 80202",,clean,PASS,
label_0071.png,APP-0071,GRANITE MOUNTAIN DISTILLERY,Kentucky Straight Bourbon Whiskey,47.5%,1 L,,,clean,PASS,
label_0072.png,APP-0072,CEDAR FOX DISTILLERS,London Dry Gin,43%,50 mL,"Cedar Fox Distillers, Asheville, NC 28801",,wrong_abv,FAIL,alcohol_content
label_0073.png,APP-0073,STONE KETTLE DISTILLERY,Irish Whiskey,40% Alc./Vol.,700 mL,,Ireland,missing_warning,FAIL,warning
label_0074.png,APP-0074,HOLLOW BARREL DISTILLERY,Kentucky Straight Bourbon Whiskey,50% Alc./Vol.,50 mL,"Hollow Barrel Distillery, St. Helena, CA 94574",,clean,PASS,
label_0075.png,APP-0075,Blue Creek Brewery,Lager,8% ABV,16 FL. OZ.,"Blue Creek Brewery, Milwaukee, WI 53202",,clean,PASS,
label_0076.png,APP-0076,OLD FOX DISTILLING CO.,Vodka,50%,1 L,"Old Fox Distilling Co., Bardstown, KY 40004",,clean,PASS,
label_0077.png,APP-0077,White Bridge Cellars,Cabernet Sauvignon,15% Alc./Vol.,750 mL,"White Bridge Cellars, Sonoma, CA 95476",,clean,PASS,
label_0078.png,APP-0078,CROOKED RIDGE BREWERY,Pilsner,4.5% Alc./Vol.,22 fl oz,"Crooked Ridge Brewery, Brooklyn, NY 11201",,clean,PASS,
label_0079.png,APP-0079,CROOKED RIDGE CELLARS,Cabernet Sauvignon,13% ABV,750 mL,"Crooked Ridge Cellars, Burlington, VT 05401",,clean,PASS,
label_0080.png,APP-0080,WHITE FOX BREWERY,Pilsner,4.5% ABV,12 fl oz,"White Fox Brewery, Nashville, TN 37203",,warning_not_caps,FAIL,warning
label_0081.png,APP-0081,CROOKED KETTLE VINI,Prosecco,12.5% Alc./Vol.,700 mL,"Atlantic Wine & Spirits, Miami, FL 33130",Italy,clean,PASS,
label_0082.png,APP-0082,STONE HARVEST DISTILLERS,London Dry Gin,50%,375 mL,"Stone Harvest Distillers, St. Helena, CA 94574",,warning_text_altered,REVIEW,warning
label_0083.png,APP-0083,WHITE TOM TEQUILA,Tequila Blanco,46% Alc./Vol.,750 mL,"Highland Imports, Inc., New York, NY 10001",Mexico,clean,PASS,
label_0084.png,APP-0084,BLACK HARVEST DISTILLERY,Kentucky Straight Bourbon Whiskey,40% Alc./Vol.,375 mL,"Black Harvest Distillery, Sonoma, CA 95476",,clean,PASS,
label_0085.png,APP-0085,HARBOR RIDGE DISTILLERS,London Dry Gin,40%,50 mL,"Harbor Ridge Distillers, Denver, CO 80202",,clean,PASS,
label_0086.png,APP-0086,BLUE ANCHOR DISTILLERY,Straight Rye Whiskey,100 Proof,1 L,"Blue Anchor Distillery, St. Helena, CA 94574",,brand_case,REVIEW,brand_name
label_0087.png,APP-0087,CEDAR FALCON DISTILLERS,London Dry Gin,50% Alc./Vol.,1.75 L,"Cedar Falcon Distillers, Louisville, KY 40202",,wrong_abv,FAIL,alcohol_content
label_0088.png,APP-0088,HOLLOW TOM DISTILLERY,Straight Rye Whiskey,100 Proof,50 mL,"Hollow Tom Distillery, Denver, CO 80202",,clean,PASS,
label_0089.png,APP-0089,HIGH CROW DISTILLING CO.,Vodka,50% Alc./Vol.,375 mL,"High Crow Distilling Co., St. Helena, CA 94574",,missing_warning,FAIL,warning
label_0090.png,APP-0090,Red Ridge Brewing Co.,Oatmeal Stout,5.2% ABV,12 fl oz,"Red Ridge Brewing Co., Portland, OR 97209",,clean,PASS,
label_0091.png,APP-0091,HIGH BARREL CELLARS,Cabernet Sauvignon,14% Alc./Vol.,1.5 L,"High Barrel Cellars, Sonoma, CA 95476",,clean,PASS,
label_0092.png,APP-0092,HARBOR LANTERN VINEYARDS,Rosé Wine,11.5,750 mL,"Harbor Lantern Vineyards, Brooklyn, NY 11201",,clean,PASS,
label_0093.png,APP-0093,Silver Bridge Tequila,Tequila Blanco,40% Alc./Vol.,750 mL,,Mexico,clean,PASS,
label_0094.png,APP-0094,BLACK TIMBER WINERY,Pinot Noir,12% Alc./Vol.,375 mL,"Black Timber Winery, Bardstown, KY 40004",,clean,PASS,
label_0095.png,APP-0095,HIGH LANTERN VINI,Prosecco,13.5% Alc./Vol.,750 mL,"Great Lakes Beverage Imports, Chicago, IL 60607",Italy,warning_not_caps,FAIL,warning
label_0096.png,APP-0096,WHITE TOM WINERY,Pinot Noir,12.5% ABV,375 mL,"White Tom Winery, Denver, CO 80202",,clean,PASS,
label_0097.png,APP-0097,CEDAR BRIDGE WINERY,Pinot Noir,12.5% ABV,750 mL,"Cedar Bridge Winery, Bardstown, KY 40004",,warning_not_caps,FAIL,warning
label_0098.png,APP-0098,Northern Timber Brewery,Pilsner,5.2% ABV,16 FL. OZ.,"Northern Timber Brewery, Austin, TX 78701",,clean,PASS,
label_0099.png,APP-0099,WILD RIVER VINEYARDS,Chardonnay,13.5,375 mL,"Wild River Vineyards, Sonoma, CA 95476",,clean,PASS,
label_0100.png,APP-0100,HARBOR FOX CELLARS,Cabernet Sauvignon,13% ABV,750 mL,,,clean,PASS,
label_0101.png,APP-0101,Black Ridge Distillery,American Single Malt Whiskey,43% Alc./Vol.,750 mL,"Black Ridge Distillery, Burlington, VT 05401",,clean,PASS,
label_0102.png,APP-0102,BLUE FOX DISTILLERY,American Single Malt Whiskey,92 Proof,750 mL,"Blue Fox Distillery, Milwaukee, WI 53202",,wrong_abv,FAIL,alcohol_content
label_0103.png,APP-0103,PRAIRIE TIMBER DISTILLERY,Kentucky Straight Bourbon Whiskey,47.5%,750 mL,"Prairie Timber Distillery, Milwaukee, WI 53202",,clean,PASS,
label_0104.png,APP-0104,SILVER BRIDGE BREWING CO.,India Pale Ale,7.2% ABV,750 mL,"Silver Bridge Brewing Co., Denver, CO 80202",,clean,PASS,
label_0105.png,APP-0105,Iron Harvest Distilling Co.,Vodka,80 Proof,375 mL,"Iron Harvest Distilling Co., Burlington, VT 05401",,clean,PASS,
label_0106.png,APP-0106,NORTHERN KETTLE BREWERY,Lager,4.2% ABV,16 fl oz,"Northern Kettle Brewery, Austin, TX 78701",,missing_net_contents,FAIL,net_contents
label_0107.png,APP-0107,BLACK BARREL DISTILLING CO.,Vodka,45%,1.75 L,,,clean,PASS,
label_0108.png,APP-0108,SILVER COMPASS DISTILLERS,London Dry Gin,46%,1 L,"Silver Compass Distillers, Louisville, KY 40202",,clean,PASS,
label_0109.png,APP-0109,NORTHERN FALCON DISTILLERY,Kentucky Straight Bourbon Whiskey,47.5%,1.75 L,"Northern Falcon Distillery, Brooklyn, NY 11201",,wrong_net_contents,FAIL,net_contents
label_0110.png,APP-0110,OLD FOX BREWERY,Pilsner,4.2% ABV,12 fl oz,,,clean,PASS,
label_0111.png,APP-0111,Silver Harvest Vineyards,Rosé Wine,14% ABV,1.5 L,"Silver Harvest Vineyards, Portland, OR 97209",,clean,PASS,
label_0112.png,APP-0112,STONE VALLEY RUM CO.,Silver Rum,86 Proof,750 mL,,,warning_not_caps,FAIL,warning
label_0113.png,APP-0113,Black Falcon Distillers,Single Malt Scotch Whisky,43% Alc./Vol.,700 mL,"Atlantic Wine & Spirits, Miami, FL 33130",Scotland,clean,PASS,
label_0114.png,APP-0114,OLD FALCON BREWING,Hefeweizen,6% ABV,22 fl oz,"Old Falcon Brewing, Milwaukee, WI 53202",,clean,PASS,
label_0115.png,APP-0115,BLACK CREEK DISTILLERS,London Dry Gin,95 Proof,750 mL,,,clean,PASS,
label_0116.png,APP-0116,Harbor Fox Brewery,Lager,5% ABV,16 FL. OZ.,"Harbor Fox Brewery, Austin, TX 78701",,wrong_abv,FAIL,alcohol_content
label_0117.png,APP-0117,WILD HARVEST DISTILLERY,Straight Rye Whiskey,40%,50 mL,"Wild Harvest Distillery, Sonoma, CA 95476",,missing_warning,FAIL,warning
label_0118.png,APP-0118,STONE RIVER BREWERY,Pilsner,8% ABV,750 mL,"Stone River Brewery, Sonoma, CA 95476",,warning_not_caps,FAIL,warning
label_0119.png,APP-0119,NORTHERN CREEK CELLARS,Cabernet Sauvignon,12.5% ABV,375 mL,"Northern Creek Cellars, Burlington, VT 05401",,clean,PASS,
label_0120.png,APP-0120,GOLDEN FALCON VINI,Prosecco,11% Alc./Vol.,700 mL,"Highland Imports, Inc., New York, NY 10001",Italy,clean,PASS,
label_0121.png,APP-0121,Granite Compass Tequila,Tequila Blanco,43% Alc./Vol.,1 L,,Mexico,clean,PASS,
label_0122.png,APP-0122,HOLLOW BRIDGE DISTILLERY,Straight Rye Whiskey,80 Proof,750 mL,"Hollow Bridge Distillery, Brooklyn, NY 11201",,clean,PASS,
label_0123.png,APP-0123,STONE FALCON WINERY,Pinot Noir,11.5% Alc./Vol.,750 mL,"Stone Falcon Winery, Asheville, NC 28801",,wrong_abv,FAIL,alcohol_content
label_0124.png,APP-0124,GOLDEN RIDGE WINERY,Pinot Noir,14% ABV,750 mL,"Golden Ridge Winery, Asheville, NC 28801",,clean,PASS,
label_0125.png,APP-0125,HARBOR VALLEY BREWING,Hefeweizen,7.2% Alc./Vol.,22 fl oz,"Harbor Valley Brewing, Portland, OR 97209",,clean,PASS,
label_0126.png,APP-0126,IRON COMPASS DISTILLING CO.,Vodka,50%,50 mL,"Iron Compass Distilling Co., Sonoma, CA 95476",,clean,PASS,
label_0127.png,APP-0127,GRANITE LANTERN VINEYARDS,Chardonnay,11.5,750 mL,"Granite Lantern Vineyards, Portland, OR 97209",,clean,PASS,
label_0128.png,APP-0128,GRANITE MEADOW CELLARS,Cabernet Sauvignon,12.5% Alc./Vol.,1.5 L,,,clean,PASS,
label_0129.png,APP-0129,Stone Timber Vineyards,Chardonnay,13,1.5 L,"Stone Timber Vineyards, Brooklyn, NY 11201",,clean,PASS,
label_0130.png,APP-0130,STONE ANCHOR VINEYARDS,Rosé Wine,14.5% ABV,750 mL,"Stone Anchor Vineyards, Louisville, KY 40202",,wrong_net_contents,FAIL,net_contents
label_0131.png,APP-0131,BLUE MILL VINEYARDS,Rosé Wine,13.5% Alc./Vol.,750 mL,"Blue Mill Vineyards, Austin, TX 78701",,clean,PASS,
label_0132.png,APP-0132,IRON FOX BREWING,Hefeweizen,5% Alc./Vol.,750 mL,,,clean,PASS,
label_0133.png,APP-0133,Red Mill Brewing Co.,India Pale Ale,5% ABV,12 FL. OZ.,"Red Mill Brewing Co., Burlington, VT 05401",,clean,PASS,
label_0134.png,APP-0134,BLACK ANCHOR DISTILLERY,American Single Malt Whiskey,92 Proof,750 mL,"Black Anchor Distillery, Brooklyn, NY 11201",,missing_warning,FAIL,warning
label_0135.png,APP-0135,WILD TOM DISTILLING CO.,Vodka,50%,50 mL,"Wild Tom Distilling Co., Burlington, VT 05401",,clean,PASS,
label_0136.png,APP-0136,WILD FOX BREWING CO.,Oatmeal Stout,5.2% Alc./Vol.,750 mL,"Wild Fox Brewing Co., Brooklyn, NY 11201",,clean,PASS,
label_0137.png,APP-0137,WHITE MOUNTAIN DISTILLERY,American Single Malt Whiskey,80 Proof,750 mL,"White Mountain Distillery, Bardstown, KY 40004",,clean,PASS,
label_0138.png,APP-0138,GOLDEN MEADOW DISTILLERS,London Dry Gin,95 Proof,1.75 L,,,clean,PASS,
label_0139.png,APP-0139,HARBOR FALCON VINEYARDS,Rosé Wine,12,750 mL,"Harbor Falcon Vineyards, Louisville, KY 40202",,brand_case,REVIEW,brand_name
label_0140.png,APP-0140,SILVER BRIDGE CELLARS,Cabernet Sauvignon,15,375 mL,"Silver Bridge Cellars, Brooklyn, NY 11201",,clean,PASS,
label_0141.png,APP-0141,Maple Creek Brewery,Pilsner,6% ABV,22 FL. OZ.,"Maple Creek Brewery, Bardstown, KY 40004",,clean,PASS,
label_0142.png,APP-0142,CROOKED FALCON BREWERY,Pilsner,6.5% ABV,22 fl oz,"Crooked Falcon Brewery, Asheville, NC 28801",,clean,PASS,
label_0143.png,APP-0143,OLD ANCHOR BREWING,Hefeweizen,6.5% Alc./Vol.,355 mL,"Old Anchor Brewing, Brooklyn, NY 11201",,clean,PASS,
label_0144.png,APP-0144,OLD MOUNTAIN CELLARS,Cabernet Sauvignon,12% Alc./Vol.,375 mL,"Old Mountain Cellars, St. Helena, CA 94574",,clean,PASS,
label_0145.png,APP-0145,COPPER FOX DISTILLING CO.,Vodka,40%,1 L,,,missing_warning,FAIL,warning
label_0146.png,APP-0146,CROOKED ANCHOR CELLARS,Cabernet Sauvignon,12.5,375 mL,"Crooked Anchor Cellars, Austin, TX 78701",,clean,PASS,
label_0147.png,APP-0147,CEDAR MEADOW DISTILLERY,Straight Rye Whiskey,43% Alc./Vol.,1.75 L,"Cedar Meadow Distillery, St. Helena, CA 94574",,clean,PASS,
label_0148.png,APP-0148,NORTHERN FALCON VINEYARDS,Rosé Wine,13% ABV,375 mL,"Northern Falcon Vineyards, Louisville, KY 40202",,clean,PASS,
label_0149.png,APP-0149,Blue Crow Distillery,Kentucky Straight Bourbon Whiskey,40%,750 mL,,,clean,PASS,
label_0150.png,APP-0150,HIGH LANTERN RUM CO.,Silver Rum,95 Proof,1 L,"High Lantern Rum Co., Brooklyn, NY 11201",,clean,PASS,
label_0151.png,APP-0151,WHITE CROW DISTILLERS,Single Malt Scotch Whisky,40% Alc./Vol.,1 L,"Pacific Crest Importers, Seattle, WA 98101",Scotland,clean,PASS,
label_0152.png,APP-0152,RED MEADOW DISTILLERY,American Single Malt Whiskey,95 Proof,1.75 L,"Red Meadow Distillery, Milwaukee, WI 53202",,brand_case,REVIEW,brand_name
label_0153.png,APP-0153,WILD MILL CELLARS,Cabernet Sauvignon,11.5,750 mL,"Wild Mill Cellars, Nashville, TN 37203",,clean,PASS,
label_0154.png,APP-0154,COPPER TIMBER VINEYARDS,Rosé Wine,15% ABV,750 mL,"Copper Timber Vineyards, Nashville, TN 37203",,clean,PASS,
label_0155.png,APP-0155,OLD BRIDGE BODEGAS,Rioja Red Wine,12.5% Alc./Vol.,750 mL,"Highland Imports, Inc., New York, NY 10001",Spain,clean,PASS,
label_0156.png,APP-0156,STONE LANTERN BREWING CO.,Oatmeal Stout,6.5% ABV,355 mL,"Stone Lantern Brewing Co., Louisville, KY 40202",,clean,PASS,
label_0157.png,APP-0157,Old Oak Cellars,Red Table Wine,14.5% ABV,750 mL,"Old Oak Cellars, Louisville, KY 40202",,clean,PASS,
label_0158.png,APP-0158,STONE MILL BREWING CO.,India Pale Ale,5% ABV,12 fl oz,"Stone Mill Brewing Co., Sonoma, CA 95476",,clean,PASS,
label_0159.png,APP-0159,CEDAR CROW BREWERY,Lager,4.5% Alc./Vol.,12 FL. OZ.,"Cedar Crow Brewery, Asheville, NC 28801",,clean,PASS,
label_0160.png,APP-0160,White Mill Cellars,Red Table Wine,12.5,375 mL,"White Mill Cellars, Asheville, NC 28801",,clean,PASS,
label_0161.png,APP-0161,GOLDEN LANTERN BREWING CO.,Oatmeal Stout,4.5% ABV,16 fl oz,"Golden Lantern Brewing Co., Denver, CO 80202",,clean,PASS,
label_0162.png,APP-0162,CROOKED RIDGE CELLARS,Cabernet Sauvignon,14% Alc./Vol.,1.5 L,,,clean,PASS,
label_0163.png,APP-0163,WILD LANTERN VINEYARDS,Chardonnay,13.5% ABV,375 mL,"Wild Lantern Vineyards, Portland, OR 97209",,clean,PASS,
label_0164.png,APP-0164,RED MEADOW RUM CO.,Silver Rum,40% Alc./Vol.,750 mL,"Red Meadow Rum Co., Sonoma, CA 95476",,clean,PASS,
label_0165.png,APP-0165,GRANITE FOX BREWING CO.,Oatmeal Stout,8% ABV,750 mL,,,clean,PASS,
label_0166.png,APP-0166,STONE LANTERN DISTILLERY,Kentucky Straight Bourbon Whiskey,46%,375 mL,"Stone Lantern Distillery, Denver, CO 80202",,clean,PASS,
label_0167.png,APP-0167,SILVER COMPASS BREWERY,Pilsner,5% Alc./Vol.,12 fl oz,"Silver Compass Brewery, Nashville, TN 37203",,clean,PASS,
label_0168.png,APP-0168,CROOKED MILL WINERY,Pinot Noir,12% Alc./Vol.,1.5 L,"Crooked Mill Winery, Bardstown, KY 40004",,clean,PASS,
label_0169.png,APP-0169,HARBOR BRIDGE RUM CO.,Silver Rum,47.5% Alc./Vol.,1.75 L,"Harbor Bridge Rum Co., Milwaukee, WI 53202",,clean,PASS,
label_0170.png,APP-0170,SILVER RIDGE VINEYARDS,Chardonnay,14% ABV,375 mL,"Silver Ridge Vineyards, Burlington, VT 05401",,clean,PASS,
label_0171.png,APP-0171,High Kettle Distillery,Kentucky Straight Bourbon Whiskey,40%,750 mL,"High Kettle Distillery, Burlington, VT 05401",,clean,PASS,
label_0172.png,APP-0172,NORTHERN MOUNTAIN VINEYARDS,Chardonnay,12.5,375 mL,"Northern Mountain Vineyards, Asheville, NC 28801",,clean,PASS,
label_0173.png,APP-0173,BLUE BARREL BREWING CO.,India Pale Ale,8% ABV,16 FL. OZ.,"Blue Barrel Brewing Co., Burlington, VT 05401",,clean,PASS,
label_0174.png,APP-0174,WHITE FALCON VINEYARDS,Rosé Wine,12.5,1.5 L,"White Falcon Vineyards, Brooklyn, NY 11201",,clean,PASS,
label_0175.png,APP-0175,GOLDEN BRIDGE DISTILLERS,London Dry Gin,46%,1.75 L,"Golden Bridge Distillers, Asheville, NC 28801",,clean,PASS,
label_0176.png,APP-0176,Northern Timber Distilling Co.,Vodka,40% Alc./Vol.,750 mL,"Northern Timber Distilling Co., Bardstown, KY 40004",,clean,PASS,
label_0177.png,APP-0177,SILVER HARVEST VINEYARDS,Chardonnay,13.5% ABV,750 mL,"Silver Harvest Vineyards, Bardstown, KY 40004",,missing_net_contents,FAIL,net_contents
label_0178.png,APP-0178,White Mill Cellars,Red Table Wine,13% Alc./Vol.,750 mL,,,clean,PASS,
label_0179.png,APP-0179,IRON MOUNTAIN VINEYARDS,Rosé Wine,14,375 mL,"Iron Mountain Vineyards, St. Helena, CA 94574",,clean,PASS,
label_0180.png,APP-0180,Wild Crow Winery,Pinot Noir,13.5% ABV,750 mL,"Wild Crow Winery, Burlington, VT 05401",,clean,PASS,
label_0181.png,APP-0181,BLACK MOUNTAIN DISTILLERS,London Dry Gin,45%,50 mL,"Black Mountain Distillers, Nashville, TN 37203",,wrong_net_contents,FAIL,net_contents
label_0182.png,APP-0182,White Valley Distilling Co.,Vodka,46%,750 mL,"White Valley Distilling Co., Brooklyn, NY 11201",,clean,PASS,
label_0183.png,APP-0183,Prairie Barrel Brewing Co.,Oatmeal Stout,6% ABV,22 FL. OZ.,"Prairie Barrel Brewing Co., Denver, CO 80202",,clean,PASS,
label_0184.png,APP-0184,OLD COMPASS VINEYARDS,Chardonnay,13.5% ABV,750 mL,"Old Compass Vineyards, St. Helena, CA 94574",,clean,PASS,
label_0185.png,APP-0185,RED COMPASS BREWING CO.,India Pale Ale,4.5% ABV,750 mL,"Red Compass Brewing Co., Nashville, TN 37203",,clean,PASS,
label_0186.png,APP-0186,CROOKED FOX DISTILLERS,Single Malt Scotch Whisky,40% Alc./Vol.,700 mL,"Highland Imports, Inc., New York, NY 10001",Scotland,missing_net_contents,FAIL,net_contents
label_0187.png,APP-0187,Golden Fox Brewing,Hefeweizen,8% ABV,750 mL,"Golden Fox Brewing, Louisville, KY 40202",,clean,PASS,
label_0188.png,APP-0188,Iron Fox Rum Co.,Silver Rum,95 Proof,1.75 L,"Iron Fox Rum Co., Louisville, KY 40202",,clean,PASS,
label_0189.png,APP-0189,HIGH TOM BREWING CO.,Oatmeal Stout,5.2% ABV,750 mL,"High Tom Brewing Co., Nashville, TN 37203",,wrong_abv,FAIL,alcohol_content
label_0190.png,APP-0190,OLD FALCON DISTILLERY,Straight Rye Whiskey,90 Proof,1 L,"Old Falcon Distillery, Denver, CO 80202",,clean,PASS,
label_0191.png,APP-0191,Copper Lantern Distilling Co.,Vodka,47.5%,1.75 L,"Copper Lantern Distilling Co., Milwaukee, WI 53202",,clean,PASS,
label_0192.png,APP-0192,GOLDEN MILL MAISON,Cognac,40% Alc./Vol.,700 mL,"Atlantic Wine & Spirits, Miami, FL 33130",France,wrong_abv,FAIL,alcohol_content
label_0193.png,APP-0193,Wild Ridge Distillery,American Single Malt Whiskey,40% Alc./Vol.,750 mL,"Wild Ridge Distillery, Bardstown, KY 40004",,missing_net_contents,FAIL,net_contents
label_0194.png,APP-0194,IRON TOM MAISON,Cognac,43% Alc./Vol.,1 L,"Highland Imports, Inc., New York, NY 10001",France,clean,PASS,
label_0195.png,APP-0195,WILD BARREL RUM CO.,Silver Rum,47.5% Alc./Vol.,750 mL,"Wild Barrel Rum Co., Louisville, KY 40202",,clean,PASS,
label_0196.png,APP-0196,WILD KETTLE BODEGAS,Rioja Red Wine,13.5% Alc./Vol.,1 L,"Pacific Crest Importers, Seattle, WA 98101",Spain,clean,PASS,
label_0197.png,APP-0197,Harbor Kettle Distillery,Straight Rye Whiskey,50% Alc./Vol.,1.75 L,"Harbor Kettle Distillery, Portland, OR 97209",,clean,PASS,
label_0198.png,APP-0198,High Harvest Distillery,American Single Malt Whiskey,92 Proof,1 L,,,clean,PASS,
label_0199.png,APP-0199,WHITE TOM DISTILLERY,Kentucky Straight Bourbon Whiskey,100 Proof,50 mL,,,clean,PASS,
label_0200.png,APP-0200,SILVER KETTLE BREWING,Hefeweizen,6.5% Alc./Vol.,750 mL,"Silver Kettle Brewing, St. Helena, CA 94574",,clean,PASS,
label_0201.png,APP-0201,GOLDEN MOUNTAIN WINERY,Pinot Noir,14,1.5 L,"Golden Mountain Winery, Austin, TX 78701",,clean,PASS,
label_0202.png,APP-0202,Iron Oak Distillers,London Dry Gin,43% Alc./Vol.,375 mL,"Iron Oak Distillers, Brooklyn, NY 11201",,clean,PASS,
label_0203.png,APP-0203,HIGH TIMBER DISTILLERY,Straight Rye Whiskey,50% Alc./Vol.,750 mL,"High Timber Distillery, Bardstown, KY 40004",,clean,PASS,
label_0204.png,APP-0204,Hollow Valley Distillery,American Single Malt Whiskey,46% Alc./Vol.,1.75 L,"Hollow Valley Distillery, Milwaukee, WI 53202",,clean,PASS,
label_0205.png,APP-0205,Hollow Falcon Distillery,American Single Malt Whiskey,47.5%,375 mL,,,clean,PASS,
label_0206.png,APP-0206,Silver Crow Brewing Co.,India Pale Ale,6.8% ABV,22 fl oz,"Silver Crow Brewing Co., Louisville, KY 40202",,clean,PASS,
label_0207.png,APP-0207,STONE BARREL TEQUILA,Tequila Blanco,40% Alc./Vol.,1 L,,Mexico,clean,PASS,
label_0208.png,APP-0208,Stone Lantern Distillers,London Dry Gin,40%,750 mL,"Stone Lantern Distillers, Portland, OR 97209",,clean,PASS,
label_0209.png,APP-0209,MAPLE BRIDGE DISTILLERS,London Dry Gin,43% Alc./Vol.,1 L,"Maple Bridge Distillers, Denver, CO 80202",,clean,PASS,
label_0210.png,APP-0210,WILD RIDGE BODEGAS,Rioja Red Wine,11% Alc./Vol.,700 mL,"Highland Imports, Inc., New York, NY 10001",Spain,clean,PASS,
label_0211.png,APP-0211,WHITE HARVEST DISTILLERY,American Single Malt Whiskey,47.5%,375 mL,"White Harvest Distillery, Bardstown, KY 40004",,clean,PASS,
label_0212.png,APP-0212,Granite Mountain Rum Co.,Silver Rum,90 Proof,375 mL,"Granite Mountain Rum Co., Bardstown, KY 40004",,clean,PASS,
label_0213.png,APP-0213,GOLDEN RIDGE BREWING CO.,Oatmeal Stout,4.5% Alc./Vol.,22 fl oz,"Golden Ridge Brewing Co., Milwaukee, WI 53202",,clean,PASS,
label_0214.png,APP-0214,Cedar Timber Brewery,Lager,9% ABV,750 mL,,,clean,PASS,
label_0215.png,APP-0215,MAPLE KETTLE RUM CO.,Silver Rum,43% Alc./Vol.,50 mL,"Maple Kettle Rum Co., Portland, OR 97209",,clean,PASS,
label_0216.png,APP-0216,SILVER CROW DISTILLERY,Kentucky Straight Bourbon Whiskey,43% Alc./Vol.,50 mL,"Silver Crow Distillery, Brooklyn, NY 11201",,clean,PASS,
label_0217.png,APP-0217,Crooked Meadow Distillery,Irish Whiskey,46% Alc./Vol.,750 mL,"Atlantic Wine & Spirits, Miami, FL 33130",Ireland,clean,PASS,
label_0218.png,APP-0218,Iron Creek Distillery,Straight Rye Whiskey,45%,750 mL,"Iron Creek Distillery, Denver, CO 80202",,missing_warning,FAIL,warning
label_0219.png,APP-0219,CROOKED OAK DISTILLERY,Kentucky Straight Bourbon Whiskey,43% Alc./Vol.,1.75 L,"Crooked Oak Distillery, Bardstown, KY 40004",,clean,PASS,
label_0220.png,APP-0220,Cedar Meadow Distillery,Kentucky Straight Bourbon Whiskey,86 Proof,750 mL,"Cedar Meadow Distillery, Portland, OR 97209",,clean,PASS,
label_0221.png,APP-0221,SILVER MEADOW WINERY,Pinot Noir,14.5% ABV,1.5 L,"Silver Meadow Winery, Louisville, KY 40202",,clean,PASS,
label_0222.png,APP-0222,Northern Valley Distillery,Straight Rye Whiskey,50%,750 mL,"Northern Valley Distillery, Austin, TX 78701",,clean,PASS,
label_0223.png,APP-0223,MAPLE MOUNTAIN DISTILLERS,Single Malt Scotch Whisky,46% Alc./Vol.,1 L,"Great Lakes Beverage Imports, Chicago, IL 60607",Scotland,brand_case,REVIEW,brand_name
label_0224.png,APP-0224,Maple Bridge Distillery,American Single Malt Whiskey,46% Alc./Vol.,1.75 L,"Maple Bridge Distillery, Sonoma, CA 95476",,clean,PASS,
label_0225.png,APP-0225,Crooked River Tequila,Tequila Blanco,43% Alc./Vol.,700 mL,"Highland Imports, Inc., New York, NY 10001",Mexico,clean,PASS,
label_0226.png,APP-0226,OLD TIMBER VINEYARDS,Rosé Wine,14.5% ABV,750 mL,"Old Timber Vineyards, Sonoma, CA 95476",,clean,PASS,
label_0227.png,APP-0227,WHITE COMPASS MAISON,Cognac,46% Alc./Vol.,1 L,"Highland Imports, Inc., New York, NY 10001",France,warning_not_caps,FAIL,warning
label_0228.png,APP-0228,COPPER LANTERN BREWERY,Lager,4.2% Alc./Vol.,16 fl oz,,,clean,PASS,
label_0229.png,APP-0229,NORTHERN CROW DISTILLERY,American Single Malt Whiskey,45%,750 mL,"Northern Crow Distillery, Austin, TX 78701",,clean,PASS,
label_0230.png,APP-0230,Harbor Lantern Rum Co.,Silver Rum,46% Alc./Vol.,750 mL,,,brand_case,REVIEW,brand_name
label_0231.png,APP-0231,WHITE VALLEY DISTILLERS,London Dry Gin,47.5%,750 mL,"White Valley Distillers, Milwaukee, WI 53202",,clean,PASS,
label_0232.png,APP-0232,Stone Creek Distillery,Kentucky Straight Bourbon Whiskey,45% Alc./Vol.,375 mL,"Stone Creek Distillery, Austin, TX 78701",,clean,PASS,
label_0233.png,APP-0233,OLD MEADOW DISTILLERY,American Single Malt Whiskey,40% Alc./Vol.,750 mL,,,clean,PASS,
label_0234.png,APP-0234,NORTHERN ANCHOR RUM CO.,Silver Rum,100 Proof,375 mL,"Northern Anchor Rum Co., Nashville, TN 37203",,clean,PASS,
label_0235.png,APP-0235,STONE CROW DISTILLING CO.,Vodka,47.5%,1 L,"Stone Crow Distilling Co., Austin, TX 78701",,brand_case,REVIEW,brand_name
label_0236.png,APP-0236,Prairie Anchor Distillers,London Dry Gin,45%,750 mL,"Prairie Anchor Distillers, Austin, TX 78701",,wrong_abv,FAIL,alcohol_content
label_0237.png,APP-0237,WHITE BRIDGE TEQUILA,Tequila Blanco,40% Alc./Vol.,700 mL,"Atlantic Wine & Spirits, Miami, FL 33130",Mexico,clean,PASS,
label_0238.png,APP-0238,HIGH COMPASS DISTILLING CO.,Vodka,86 Proof,1.75 L,"High Compass Distilling Co., Denver, CO 80202",,warning_not_caps,FAIL,warning
label_0239.png,APP-0239,High Compass Distillery,Straight Rye Whiskey,80 Proof,1.75 L,"High Compass Distillery, Bardstown, KY 40004",,clean,PASS,
label_0240.png,APP-0240,WILD CROW DISTILLERY,Kentucky Straight Bourbon Whiskey,80 Proof,750 mL,"Wild Crow Distillery, Nashville, TN 37203",,wrong_abv,FAIL,alcohol_content
label_0241.png,APP-0241,Prairie Lantern Cellars,Cabernet Sauvignon,13% ABV,750 mL,"Prairie Lantern Cellars, Bardstown, KY 40004",,clean,PASS,
label_0242.png,APP-0242,WHITE ANCHOR DISTILLERY,Kentucky Straight Bourbon Whiskey,45%,1 L,"White Anchor Distillery, Portland, OR 97209",,clean,PASS,
label_0243.png,APP-0243,CROOKED FOX CELLARS,Red Table Wine,14% Alc./Vol.,375 mL,"Crooked Fox Cellars, Denver, CO 80202",,clean,PASS,
label_0244.png,APP-0244,Copper Lantern Distilling Co.,Vodka,50%,750 mL,"Copper Lantern Distilling Co., Nashville, TN 37203",,clean,PASS,
label_0245.png,APP-0245,IRON MILL CELLARS,Red Table Wine,12.5,750 mL,"Iron Mill Cellars, Austin, TX 78701",,clean,PASS,
label_0246.png,APP-0246,Granite Ridge Cellars,Cabernet Sauvignon,12% Alc./Vol.,750 mL,"Granite Ridge Cellars, Austin, TX 78701",,clean,PASS,
label_0247.png,APP-0247,Blue Meadow Vineyards,Chardonnay,11.5,750 mL,"Blue Meadow Vineyards, Denver, CO 80202",,clean,PASS,
label_0248.png,APP-0248,IRON BARREL BREWERY,Lager,6.8% Alc./Vol.,750 mL,"Iron Barrel Brewery, Nashville, TN 37203",,clean,PASS,
label_0249.png,APP-0249,IRON RIDGE CELLARS,Cabernet Sauvignon,12.5,750 mL,"Iron Ridge Cellars, Bardstown, KY 40004",,clean,PASS,
label_0250.png,APP-0250,HOLLOW VALLEY DISTILLERS,London Dry Gin,95 Proof,50 mL,"Hollow Valley Distillers, Austin, TX 78701",,clean,PASS,
